Workbook
Name CalcNm: S!$C$3*2+O!$B$1
Name CellOne: S!$C$3
Name RelRng: S!C3:C5
Name RngAll: S!$C$3:$F$9
Name ScopedNm: S!$D$4:$D$8

Sheet S
A1: 11 | B1: 12 | C1: 13 | D1: 14 | E1: 15 | F1: 16 | G1: 17 | H1: 18 | N1: =C3 -> 33
A2: 21 | B2: 22 | C2: 23 | D2: 24 | E2: 25 | F2: 26 | G2: 27 | H2: 28 | N2: =$C$3 -> 33
A3: 31 | B3: 32 | C3: 33 | D3: 34 | E3: 35 | F3: 36 | G3: 37 | H3: 38 | N3: =$C3 -> 33
A4: 41 | B4: 42 | C4: 43 | D4: 44 | E4: 45 | F4: 46 | G4: 47 | H4: 48 | N4: =C$3 -> 33
A5: 51 | B5: 52 | C5: 53 | D5: 54 | E5: 55 | F5: 56 | G5: 57 | H5: 58 | N5: =SUM(C3:F9) -> 1806
A6: 61 | B6: 62 | C6: 63 | D6: 64 | E6: 65 | F6: 66 | G6: 67 | H6: 68 | N6: =SUM($C$3:$F$9) -> 1806
A7: 71 | B7: 72 | C7: 73 | D7: 74 | E7: 75 | F7: 76 | G7: 77 | H7: 78 | N7: =SUM(C:C) -> 9828
A8: 81 | B8: 82 | C8: 83 | D8: 84 | E8: 85 | F8: 86 | G8: 87 | H8: 88 | N8: =SUM(3:5) -> 2940
A9: 91 | B9: 92 | C9: 93 | D9: 94 | E9: 95 | F9: 96 | G9: 97 | H9: 98 | N9: =SUM(C:E) -> 29532
A10: 101 | B10: 102 | C10: 103 | D10: 104 | E10: 105 | F10: 106 | G10: 107 | H10: 108 | N10: =SUM(C3:C9) -> 441
A11: 111 | B11: 112 | C11: 113 | D11: 114 | E11: 115 | F11: 116 | G11: 117 | H11: 118 | N11: =C3+F9 -> 129
A12: 121 | B12: 122 | C12: 123 | D12: 124 | E12: 125 | F12: 126 | G12: 127 | H12: 128 | N12: =SUM(C3,F9) -> 129
N13: =SUM(C3:F3) -> 138
N14: =INDEX(C3:F9,2,2) -> 44
N15: =OFFSET(C3,1,1) -> 44
N16: =SUM((C3:C5,E3:E5)) -> 264
N17: =SUM(D4:E8 C5:F6) -> 238
N18: =SUM(RngAll) -> 1806
N19: =SUM(RelRng) -> 0
C20: Col1 | D20: Col2 | E20: Col3 | N20: =CellOne+1 -> 34
C21: 2103 | D21: 2104 | E21: 2105 | N21: =CalcNm -> 67
C22: 2203 | D22: 2204 | E22: 2205 | N22: =S!C3 -> 33
C23: 2303 | D23: 2304 | E23: 2305 | N23: =SUM(S!C3:F9) -> 1806
C24: 2403 | D24: 2404 | E24: 2405 | N24: =ROW(C5) -> 5
N25: =COLUMN(F9) -> 6
N26: =SUM(Tbl[Col2]) -> 9016
N27: =ROWS(Tbl[]) -> 4
N28: =SUM(O!B1:B3) -> 6
N29: =O!A1 -> 33
N30: =SUM(ScopedNm) -> 320
N31: =SUM(C3:C9) -> 441
N32: =SUM($C3:F$9) -> 1806
N33: =SUM(A1:H12) -> 6672
N34: =SUM(A:H) -> 33720
N35: =SUM(1:12) -> 53415
P40: {=C3:C5*2} -> 66
P41: 86
P42: 106

Sheet O
A1: =S!C3 -> 33 | B1: 1
A2: =SUM(S!C3:F9) -> 1806 | B2: 2
A3: =S!$C$3 -> 33 | B3: 3
A4: =SUM(S!C:C) -> 9828
A5: =SUM(S!3:5) -> 2940
A6: =SUM(S!C3:F9)*2 -> 3612
A7: =SUM(RngAll) -> 1806
A8: =B1 -> 1
A9: =SUM(S!ScopedNm) -> 320
A10: =S!N1 -> 33
A11: =INDEX(S!C3:F9,2,2) -> 44
A12: =SUM(S!C3:F9,S!A1) -> 1817
A13: =SUM(S!C3:C5)+SUM(B1:B3) -> 135
A14: 7

Sheet Q R
A1: =S!C3+O!B1 -> 34 | B1: 5
A2: =SUM('Q R'!B1:B2) -> 11 | B2: 6
